pop_limit,test_acc_1,test_acc_2,test_acc_3,test_f1_1,test_f1_2,test_f1_3,test_r2_1,test_r2_2,test_r2_3,overall_r2_1,overall_r2_2,overall_r2_3
0,0.8088370537580469,0.8125156759468272,0.8095894992057521,0.8782254413761884,0.8808416801721619,0.8779114958857113,0.07128039300052436,0.32031848142804487,0.09865870890300577,0.08731230880698049,0.3239541837575537,0.11784974559004657
20,0.8078885728626402,0.8100635770453405,0.8081813618872344,0.8768863752110865,0.8791933810423262,0.8777588229022285,0.39761301060305243,0.4649118422446673,0.5026385138546363,0.4141954469220325,0.47564244769210173,0.5039693742777268
50,0.8088961419365638,0.8142940831868776,0.8085115286437629,0.8785275420911244,0.8814826683757945,0.8776077885952712,0.41746731188463426,0.5253265159247453,0.45889925437707935,0.45962138195042823,0.5197114477377489,0.47060042814459324
100,0.810271220492215,0.8086388749372175,0.8105981331882299,0.879194094288836,0.8778715674751575,0.879078592234307,0.5491077265266616,0.39353767000777484,0.5158061347041565,0.5846784222833415,0.3870760839684485,0.5233355245108628
500,0.8097773678252485,0.8125366876310273,0.8075890985324947,0.8786151911603391,0.8804449554777122,0.8777733386602744,0.43785308311814497,0.516082200120844,0.4231586676240673,0.4314234240203916,0.5256994931582089,0.42046651218508124
1000,0.8079243849951475,0.8140771373111655,0.8103215461220357,0.8778380119156245,0.88236864587783,0.8790007806401249,0.548836070835423,0.41391031803854905,0.5550802112389168,0.5523402668856672,0.4213018550918939,0.5633451035362721
